Essai;Temps_frame;Temps_sequence;Pixel_par_seconde
0;2.123729;422.622000;36162812.158383
1;2.184920;434.799000;35150034.843686
2;2.102196;418.337000;36533225.605194
3;2.217417;441.266000;34634891.426033
4;2.136824;425.228000;35941189.197325
5;2.028683;403.708000;37857065.007381
6;2.058176;409.577000;37314595.301982
7;2.214698;440.725000;34677406.546032
8;2.181774;434.173000;35200714.922393
9;2.127116;423.296000;36105231.327486
