Essai;Temps_frame;Temps_sequence;Pixel_par_seconde
0;0.443487;88.254000;173172887.347886
1;0.307106;61.114000;250076905.455412
2;0.388055;77.223000;197909949.108419
3;0.366558;72.945000;209516759.202131
4;0.383186;76.254000;200424895.743171
5;0.327603;65.193000;234430076.848723
6;0.342106;68.079000;224492134.138313
7;0.324040;64.484000;237007629.799672
8;0.357935;71.229000;214564292.633606
9;0.439000;87.361000;174943052.391768
