Essai;Temps_frame;Temps_sequence;Pixel_par_seconde
0;0.000000;0.000000;inf
1;0.000000;0.000000;inf
2;0.000000;0.000000;inf
3;0.000000;0.000000;inf
4;0.000000;0.000000;inf
5;0.000000;0.000000;inf
6;0.000000;0.000000;inf
7;0.000000;0.000000;inf
8;0.000000;0.000000;inf
9;0.000000;0.000000;inf
