Essai;Temps_frame;Temps_sequence;Pixel_par_seconde
0;1.338241;266.310000;57388757.463108
1;1.151714;229.191000;66683246.724349
2;1.307352;260.163000;58744710.047164
3;1.194910;237.787000;64272647.369284
4;1.326397;263.953000;57901217.262164
5;1.224080;243.592000;62740976.715162
6;1.232648;245.297000;62304879.391106
7;1.225704;243.915000;62657893.118505
8;1.545352;307.525000;49697422.973744
9;1.531367;304.742000;50151275.505182
