Essai;Temps_frame;Temps_sequence;Pixel_par_seconde
0;0.937357;186.534000;81932516.324102
1;1.020302;203.040000;75271867.612291
2;0.854653;170.076000;89861003.316164
3;0.919000;182.881000;83569096.844395
4;1.049593;208.869000;73171222.153599
