Essai;Temps_frame;Temps_sequence;Pixel_par_seconde
0;1.530015;304.473000;50195583.844872
1;1.313045;261.296000;58489988.365684
2;1.242040;247.166000;61833747.360074
3;1.166467;232.127000;65839820.443120
4;1.163729;231.582000;65994766.432626
